date,student_name,flashcards_solved
2026-01-01,Avocadosia,12
2026-01-01,X Æ A-Xii,22
2026-01-01,Wysp,8
2026-01-01,Harmoney,16
2026-01-01,Koriand'r,10
2026-01-02,Avocadosia,14
2026-01-02,X Æ A-Xii,25
2026-01-02,Wysp,7
2026-01-02,Harmoney,18
2026-01-02,Koriand'r,11
2026-01-03,Avocadosia,13
2026-01-03,X Æ A-Xii,28
2026-01-03,Wysp,10
2026-01-03,Harmoney,20
2026-01-03,Koriand'r,12
2026-01-04,Avocadosia,16
2026-01-04,X Æ A-Xii,31
2026-01-04,Wysp,9
2026-01-04,Harmoney,22
2026-01-04,Koriand'r,13
2026-01-05,Avocadosia,15
2026-01-05,X Æ A-Xii,34
2026-01-05,Wysp,11
2026-01-05,Harmoney,24
2026-01-05,Koriand'r,12
2026-01-06,Avocadosia,18
2026-01-06,X Æ A-Xii,37
2026-01-06,Wysp,10
2026-01-06,Harmoney,26
2026-01-06,Koriand'r,14
2026-01-07,Avocadosia,17
2026-01-07,X Æ A-Xii,40
2026-01-07,Wysp,13
2026-01-07,Harmoney,28
2026-01-07,Koriand'r,15
2026-01-08,Avocadosia,19
2026-01-08,X Æ A-Xii,43
2026-01-08,Wysp,12
2026-01-08,Harmoney,30
2026-01-08,Koriand'r,14
2026-01-09,Avocadosia,20
2026-01-09,X Æ A-Xii,46
2026-01-09,Wysp,14
2026-01-09,Harmoney,32
2026-01-09,Koriand'r,16
2026-01-10,Avocadosia,22
2026-01-10,X Æ A-Xii,49
2026-01-10,Wysp,13
2026-01-10,Harmoney,34
2026-01-10,Koriand'r,17
2026-01-11,Avocadosia,21
2026-01-11,X Æ A-Xii,52
2026-01-11,Wysp,15
2026-01-11,Harmoney,36
2026-01-11,Koriand'r,16
2026-01-12,Avocadosia,23
2026-01-12,X Æ A-Xii,55
2026-01-12,Wysp,14
2026-01-12,Harmoney,38
2026-01-12,Koriand'r,18
